timestamp,temp,hum,gas,pm25,pm10,co2,no2,ozone,aqi,status
2026-03-29T00:00,25.0,50.0,59.96412646891061,22.4,24.3,476,12.9,63.0,72.22222222222221,1
2026-03-29T01:00,25.0,50.0,50.0,23.5,25.7,481,11.9,61.0,74.57264957264957,1
2026-03-29T02:00,25.0,50.0,50.0,25.3,28.1,484,11.3,58.0,78.41880341880342,1
2026-03-29T03:00,25.0,50.0,83.99363574987194,27.8,30.9,483,11.8,51.0,83.76068376068376,1
2026-03-29T04:00,25.0,50.0,58.152616442674876,29.7,32.8,480,12.7,44.0,87.82051282051282,1
2026-03-29T05:00,25.0,50.0,71.25364761591976,21.2,22.6,477,7.8,70.0,69.65811965811966,1
2026-03-29T06:00,25.0,50.0,54.12445950254748,18.0,19.0,474,7.6,76.0,62.82051282051282,1
2026-03-29T07:00,25.0,50.0,59.41916310326474,16.8,17.1,471,7.3,85.0,60.25641025641026,1
2026-03-29T08:00,25.0,50.0,62.45279701376265,14.4,15.0,467,7.0,96.0,55.12820512820513,1
2026-03-29T09:00,25.0,50.0,68.46632389384564,13.1,14.8,462,6.7,109.0,52.35042735042735,1
2026-03-29T10:00,25.0,50.0,58.0219894460746,11.3,13.6,456,6.4,124.0,47.083333333333336,0
2026-03-29T11:00,25.0,50.0,60.22868770984413,10.7,12.9,452,5.9,135.0,44.583333333333336,0
2026-03-29T12:00,25.0,50.0,71.28748158399573,11.2,13.9,450,5.0,139.0,46.666666666666664,0
2026-03-29T13:00,25.0,50.0,69.18107139341964,11.4,16.1,450,4.0,140.0,47.5,0
2026-03-29T14:00,25.0,50.0,54.153335371003,10.9,18.4,450,3.5,136.0,45.416666666666664,0
2026-03-29T15:00,25.0,50.0,81.03936564819482,10.0,20.9,449,3.5,128.0,41.666666666666664,0
2026-03-29T16:00,25.0,50.0,50.0,9.4,24.0,447,4.1,116.0,39.166666666666664,0
2026-03-29T17:00,25.0,50.0,62.274290666077974,5.0,12.7,447,5.7,99.0,20.833333333333332,0
2026-03-29T18:00,25.0,50.0,50.0,8.1,15.9,449,10.6,86.0,33.75,0
2026-03-29T19:00,25.0,50.0,50.0,15.4,25.3,452,17.3,69.0,57.26495726495727,1
2026-03-29T20:00,25.0,50.0,77.32045898158759,22.5,33.9,456,22.3,54.0,72.43589743589743,1
2026-03-29T21:00,25.0,50.0,58.909081828324474,28.6,41.0,460,24.4,45.0,85.47008547008548,1
2026-03-29T22:00,25.0,50.0,74.3716837589046,33.1,45.8,464,24.9,39.0,95.08547008547009,1
2026-03-29T23:00,25.0,50.0,94.8895235065064,32.2,43.7,467,23.9,35.0,93.16239316239317,1
2026-03-30T00:00,25.0,50.0,87.1319671204043,28.9,37.8,468,20.8,35.0,86.11111111111111,1
2026-03-30T01:00,25.0,50.0,50.0,25.3,31.9,467,16.3,38.0,78.41880341880342,1
2026-03-30T02:00,25.0,50.0,50.0,22.6,27.7,469,12.7,41.0,72.64957264957266,1
2026-03-30T03:00,25.0,50.0,61.94586346897839,20.8,24.9,476,10.8,41.0,68.80341880341881,1
2026-03-30T04:00,25.0,50.0,50.0,19.2,22.6,484,9.8,41.0,65.38461538461539,1
2026-03-30T05:00,25.0,50.0,50.0,14.7,17.6,488,7.1,54.0,55.76923076923077,1
2026-03-30T06:00,25.0,50.0,50.0,14.3,17.9,484,6.9,61.0,54.914529914529915,1
2026-03-30T07:00,25.0,50.0,85.4988337532483,15.1,18.2,476,6.7,72.0,56.623931623931625,1
2026-03-30T08:00,25.0,50.0,50.0,13.1,17.5,468,6.4,83.0,52.35042735042735,1
2026-03-30T09:00,25.0,50.0,67.58137410330968,9.7,15.6,463,6.2,94.0,40.416666666666664,0
2026-03-30T10:00,25.0,50.0,50.0,7.9,16.5,459,6.0,105.0,32.916666666666664,0
2026-03-30T11:00,25.0,50.0,58.039945558044046,8.8,18.6,456,5.7,116.0,36.66666666666667,0
2026-03-30T12:00,25.0,50.0,50.0,10.6,20.6,454,5.2,128.0,44.166666666666664,0
2026-03-30T13:00,25.0,50.0,64.25954055302708,12.2,22.1,452,4.6,139.0,50.427350427350426,1
2026-03-30T14:00,25.0,50.0,51.234368340224414,13.2,22.8,451,4.5,145.0,52.56410256410256,1
2026-03-30T15:00,25.0,50.0,68.25997468118025,13.1,22.6,450,4.3,146.0,52.35042735042735,1
2026-03-30T16:00,25.0,50.0,50.0,12.5,21.7,450,4.7,141.0,51.06837606837607,1
2026-03-30T17:00,25.0,50.0,65.36446439739443,9.7,16.8,451,7.4,125.0,40.416666666666664,0
2026-03-30T18:00,25.0,50.0,98.68608157154694,15.5,21.8,456,14.7,105.0,57.47863247863248,1
2026-03-30T19:00,25.0,50.0,70.62546201010873,25.2,31.2,462,24.4,79.0,78.2051282051282,1
2026-03-30T20:00,25.0,50.0,63.09992791365417,28.6,34.1,466,29.3,61.0,85.47008547008548,1
2026-03-30T21:00,25.0,50.0,68.23735451105732,23.6,27.9,464,24.5,60.0,74.7863247863248,1
2026-03-30T22:00,25.0,50.0,69.79546545875306,16.6,19.5,458,14.8,68.0,59.82905982905983,1
2026-03-30T23:00,25.0,50.0,50.0,12.5,15.1,455,7.5,77.0,51.06837606837607,1
2026-03-31T00:00,25.0,50.0,50.0,13.0,16.4,456,5.7,84.0,52.136752136752136,1
2026-03-31T01:00,25.0,50.0,58.65836008079843,17.0,21.9,459,6.2,91.0,60.68376068376068,1
2026-03-31T02:00,25.0,50.0,62.047660896688434,20.2,25.8,461,6.7,96.0,67.52136752136752,1
2026-03-31T03:00,25.0,50.0,67.41426416525886,20.3,25.6,461,6.2,95.0,67.73504273504274,1
2026-03-31T04:00,25.0,50.0,77.24907355905174,19.9,24.8,461,5.7,91.0,66.88034188034187,1
2026-03-31T05:00,25.0,50.0,62.311765838700914,15.0,18.0,460,7.0,72.0,56.41025641025641,1
2026-03-31T06:00,25.0,50.0,51.80205994271288,14.8,19.8,460,7.7,74.0,55.98290598290598,1
2026-03-31T07:00,25.0,50.0,70.87722101594454,15.1,21.1,460,8.7,78.0,56.623931623931625,1
2026-03-31T08:00,25.0,50.0,76.34661518712338,14.4,21.2,459,9.6,84.0,55.12820512820513,1
2026-03-31T09:00,25.0,50.0,81.9293769315199,13.9,20.4,457,10.3,94.0,54.05982905982906,1
2026-03-31T10:00,25.0,50.0,74.6604397651106,14.6,23.2,456,10.9,106.0,55.55555555555556,1
2026-03-31T11:00,25.0,50.0,106.71700299076412,15.2,23.6,454,10.8,117.0,56.837606837606835,1
2026-03-31T12:00,25.0,50.0,50.0,16.4,23.9,453,9.4,128.0,59.4017094017094,1
2026-03-31T13:00,25.0,50.0,50.0,17.7,24.6,453,7.5,138.0,62.179487179487175,1
2026-03-31T14:00,25.0,50.0,73.05652359652544,18.6,25.6,453,6.5,145.0,64.1025641025641,1
2026-03-31T15:00,25.0,50.0,64.56883573471728,19.6,27.2,453,6.7,149.0,66.23931623931624,1
2026-03-31T16:00,25.0,50.0,70.21445045300462,20.1,28.9,453,7.8,149.0,67.3076923076923,1
2026-03-31T17:00,25.0,50.0,69.86842820911667,13.9,18.5,455,10.2,139.0,54.05982905982906,1
2026-03-31T18:00,25.0,50.0,92.12804003891011,16.8,21.0,458,13.1,122.0,60.25641025641026,1
2026-03-31T19:00,25.0,50.0,98.98501561131576,21.8,25.0,463,16.9,99.0,70.94017094017094,1
2026-03-31T20:00,25.0,50.0,60.02439673190966,20.5,22.4,468,19.1,81.0,68.16239316239316,1
2026-03-31T21:00,25.0,50.0,54.247241001978516,18.3,19.4,473,17.8,74.0,63.46153846153847,1
2026-03-31T22:00,25.0,50.0,64.97539825240727,16.6,17.4,478,14.8,73.0,59.82905982905983,1
2026-03-31T23:00,25.0,50.0,68.86581061236309,16.2,17.1,482,13.1,70.0,58.97435897435898,1
2026-04-01T00:00,25.0,50.0,57.13893943222972,17.8,18.6,484,14.2,64.0,62.3931623931624,1
2026-04-01T01:00,25.0,50.0,64.36976426540951,23.0,24.0,486,16.6,57.0,73.5042735042735,1
2026-04-01T02:00,25.0,50.0,54.932154963167704,28.2,29.5,490,18.7,51.0,84.61538461538461,1
2026-04-01T03:00,25.0,50.0,52.4063978623853,29.3,30.6,499,20.2,41.0,86.96581196581197,1
2026-04-01T04:00,25.0,50.0,82.51866705074255,30.3,31.9,510,21.4,32.0,89.1025641025641,1
2026-04-01T05:00,25.0,50.0,76.78732323054943,26.4,27.9,515,16.6,53.0,80.76923076923077,1
2026-04-01T06:00,25.0,50.0,50.0,31.0,33.1,511,14.1,70.0,90.5982905982906,1
2026-04-01T07:00,25.0,50.0,70.45095795379514,30.2,32.4,501,10.7,93.0,88.88888888888889,1
2026-04-01T08:00,25.0,50.0,92.07766542007823,29.2,32.2,490,8.2,118.0,86.75213675213675,1
2026-04-01T09:00,25.0,50.0,69.04771056018451,31.2,34.5,479,7.6,144.0,91.02564102564102,1
2026-04-01T10:00,25.0,50.0,68.15179604640419,27.6,30.4,468,8.0,170.0,83.33333333333334,1
2026-04-01T11:00,25.0,50.0,53.81443635766811,22.9,26.0,460,8.0,190.0,73.29059829059828,1
2026-04-01T12:00,25.0,50.0,86.8209664207347,22.4,26.6,456,6.9,198.0,72.22222222222221,1
2026-04-01T13:00,25.0,50.0,78.89444798307413,22.8,27.7,455,5.5,199.0,73.07692307692308,1
2026-04-01T14:00,25.0,50.0,106.65810880977199,23.4,29.0,455,5.0,198.0,74.35897435897435,1
2026-04-01T15:00,25.0,50.0,88.33791205389008,23.8,30.0,454,5.2,197.0,75.21367521367522,1
2026-04-01T16:00,25.0,50.0,68.24047886951013,23.9,30.5,454,6.3,193.0,75.42735042735042,1
2026-04-01T17:00,25.0,50.0,87.46828858265917,27.0,35.5,456,9.3,177.0,82.05128205128204,1
2026-04-01T18:00,25.0,50.0,113.53235091475058,31.3,39.6,460,15.1,153.0,91.23931623931624,1
2026-04-01T19:00,25.0,50.0,69.45848696711874,40.9,49.5,466,22.8,120.0,113.75,2
2026-04-01T20:00,25.0,50.0,86.07379644957796,42.3,49.9,472,26.4,98.0,117.25,2
2026-04-01T21:00,25.0,50.0,84.24068716390778,33.5,38.6,479,21.9,97.0,95.94017094017094,1
2026-04-01T22:00,25.0,50.0,113.42767804855853,28.6,33.1,486,13.3,106.0,85.47008547008548,1
2026-04-01T23:00,25.0,50.0,73.3374165100857,27.8,32.7,493,6.8,111.0,83.76068376068376,1
2026-04-02T00:00,25.0,50.0,116.01145174756196,27.8,33.2,501,5.1,106.0,83.76068376068376,1
2026-04-02T01:00,25.0,50.0,102.61499410094733,28.2,34.0,508,5.6,97.0,84.61538461538461,1
2026-04-02T02:00,25.0,50.0,74.22480927263209,29.2,35.9,514,6.5,88.0,86.75213675213675,1
2026-04-02T03:00,25.0,50.0,91.2989576662728,30.7,38.2,518,7.6,77.0,89.95726495726495,1
2026-04-02T04:00,25.0,50.0,70.35572117318095,31.9,38.9,520,9.1,67.0,92.52136752136752,1
2026-04-02T05:00,25.0,50.0,80.15405950793856,27.8,33.1,518,6.9,70.0,83.76068376068376,1
2026-04-02T06:00,25.0,50.0,54.800196499595295,29.0,32.7,508,8.1,71.0,86.32478632478632,1
2026-04-02T07:00,25.0,50.0,76.19603315492039,30.7,35.3,494,9.7,73.0,89.95726495726495,1
2026-04-02T08:00,25.0,50.0,68.18311394590421,31.5,38.5,482,10.6,83.0,91.66666666666667,1
2026-04-02T09:00,25.0,50.0,50.0,32.4,41.4,475,10.2,106.0,93.58974358974359,1
2026-04-02T10:00,25.0,50.0,101.36559772100614,33.4,45.9,471,9.2,137.0,95.72649572649573,1
2026-04-02T11:00,25.0,50.0,74.69113103594205,36.7,49.6,467,8.0,161.0,103.25000000000001,2
2026-04-02T12:00,25.0,50.0,93.90036409429568,39.1,51.3,464,6.7,173.0,109.25,2
2026-04-02T13:00,25.0,50.0,76.00384749001142,39.6,51.1,462,5.3,179.0,110.5,2
2026-04-02T14:00,25.0,50.0,80.59257752566992,38.2,49.2,460,4.6,180.0,107.00000000000001,2
2026-04-02T15:00,25.0,50.0,93.8562539286973,36.1,46.6,459,5.1,175.0,101.75,2
2026-04-02T16:00,25.0,50.0,121.18733045923796,34.6,44.6,458,6.4,166.0,98.2905982905983,1
2026-04-02T17:00,25.0,50.0,81.14907486637624,23.2,29.5,459,8.3,158.0,73.93162393162393,1
2026-04-02T18:00,25.0,50.0,92.79120879602446,28.2,33.9,464,12.1,137.0,84.61538461538461,1
2026-04-02T19:00,25.0,50.0,66.76289203215181,35.4,40.7,471,17.2,109.0,100.0,1
2026-04-02T20:00,25.0,50.0,68.9385939319582,33.5,37.7,477,20.5,86.0,95.94017094017094,1
2026-04-02T21:00,25.0,50.0,78.80584754143877,32.1,35.6,482,20.6,74.0,92.94871794871796,1
2026-04-02T22:00,25.0,50.0,83.66980629064442,33.2,36.3,486,18.9,67.0,95.29914529914531,1
2026-04-02T23:00,25.0,50.0,50.0,30.0,32.2,489,16.5,65.0,88.46153846153847,1
2026-04-03T00:00,25.0,50.0,83.33943080456987,24.2,25.6,490,13.3,70.0,76.06837606837607,1
2026-04-03T01:00,25.0,50.0,61.38109824685948,19.7,20.8,491,9.4,80.0,66.45299145299145,1
2026-04-03T02:00,25.0,50.0,84.49918892787285,16.8,18.0,489,6.5,87.0,60.25641025641026,1
2026-04-03T03:00,25.0,50.0,58.60255989984104,16.2,17.6,485,5.5,87.0,58.97435897435898,1
2026-04-03T04:00,25.0,50.0,50.0,17.2,18.8,479,5.5,84.0,61.11111111111111,1
2026-04-03T05:00,25.0,50.0,71.63623533013325,16.3,17.8,474,5.5,86.0,59.18803418803419,1
2026-04-03T06:00,25.0,50.0,71.23941888166593,19.0,21.0,472,6.0,91.0,64.95726495726495,1
2026-04-03T07:00,25.0,50.0,50.0,21.3,23.8,470,6.7,98.0,69.87179487179488,1
2026-04-03T08:00,25.0,50.0,50.0,22.6,25.6,469,7.4,108.0,72.64957264957266,1
2026-04-03T09:00,25.0,50.0,50.0,23.3,26.8,468,8.4,123.0,74.14529914529915,1
2026-04-03T10:00,25.0,50.0,78.06436470492737,23.3,27.5,467,9.4,141.0,74.14529914529915,1
2026-04-03T11:00,25.0,50.0,67.38609921905166,26.8,32.2,465,9.6,156.0,81.62393162393163,1
2026-04-03T12:00,25.0,50.0,81.38028512383416,29.7,35.7,463,8.2,167.0,87.82051282051282,1
2026-04-03T13:00,25.0,50.0,119.81321064937012,30.6,36.8,460,5.9,174.0,89.74358974358975,1
2026-04-03T14:00,25.0,50.0,77.68886514288268,30.2,36.7,458,4.7,176.0,88.88888888888889,1
2026-04-03T15:00,25.0,50.0,88.90785871976776,29.6,36.8,456,5.3,170.0,87.60683760683762,1
2026-04-03T16:00,25.0,50.0,88.76798505012002,28.5,36.3,455,7.0,158.0,85.25641025641025,1
2026-04-03T17:00,25.0,50.0,50.0,22.4,28.2,456,9.0,145.0,72.22222222222221,1
2026-04-03T18:00,25.0,50.0,61.499353064018536,24.0,28.9,460,10.7,131.0,75.64102564102564,1
2026-04-03T19:00,25.0,50.0,52.33285114524408,25.8,30.2,465,13.1,112.0,79.48717948717949,1
2026-04-03T20:00,25.0,50.0,73.87071246185411,27.9,31.8,469,15.1,96.0,83.97435897435898,1
2026-04-03T21:00,25.0,50.0,61.158227552315516,31.3,35.4,471,16.6,86.0,91.23931623931624,1
2026-04-03T22:00,25.0,50.0,112.47169591502194,34.7,38.8,471,17.7,80.0,98.50427350427353,1
2026-04-03T23:00,25.0,50.0,76.58613738221248,36.6,40.6,471,17.4,78.0,103.0,2
2026-04-04T00:00,25.0,50.0,85.16541377855873,34.1,37.5,470,14.7,81.0,97.22222222222223,1
2026-04-04T01:00,25.0,50.0,85.87746993703115,30.5,33.9,469,10.6,87.0,89.52991452991454,1
2026-04-04T02:00,25.0,50.0,87.57077709716518,30.3,34.0,468,7.3,94.0,89.1025641025641,1
2026-04-04T03:00,25.0,50.0,98.59216382707702,30.0,33.8,467,5.4,100.0,88.46153846153847,1
2026-04-04T04:00,25.0,50.0,50.0,28.5,32.1,466,4.4,106.0,85.25641025641025,1
2026-04-04T05:00,25.0,50.0,96.02468545736984,25.1,27.8,464,6.3,100.0,77.991452991453,1
2026-04-04T06:00,25.0,50.0,102.41739100239766,26.4,29.3,462,8.0,103.0,80.76923076923077,1
2026-04-04T07:00,25.0,50.0,50.0,27.9,31.3,460,10.3,108.0,83.97435897435898,1
2026-04-04T08:00,25.0,50.0,84.43726903643316,28.5,32.5,458,12.1,115.0,85.25641025641025,1
2026-04-04T09:00,25.0,50.0,80.06921162670248,29.6,34.1,458,13.2,126.0,87.60683760683762,1
2026-04-04T10:00,25.0,50.0,80.33286715215831,31.9,36.7,458,13.7,140.0,92.52136752136752,1
2026-04-04T11:00,25.0,50.0,100.88475911389247,34.5,39.5,458,13.4,154.0,98.07692307692308,1
2026-04-04T12:00,25.0,50.0,72.57653909878961,36.3,42.0,457,11.4,168.0,102.25,2
2026-04-04T13:00,25.0,50.0,84.99863590720085,37.5,43.4,455,8.5,182.0,105.25,2
2026-04-04T14:00,25.0,50.0,66.7834963669504,38.1,44.0,454,6.8,189.0,106.75,2
2026-04-04T15:00,25.0,50.0,87.82645428897257,37.1,42.8,453,6.6,186.0,104.25,2
2026-04-04T16:00,25.0,50.0,105.16225666869025,35.5,41.1,453,7.6,176.0,100.25,2
2026-04-04T17:00,25.0,50.0,58.998246942588736,29.2,33.8,454,12.6,164.0,86.75213675213675,1
2026-04-04T18:00,25.0,50.0,109.70068218775555,33.8,37.7,456,19.1,142.0,96.58119658119656,1
2026-04-04T19:00,25.0,50.0,64.60909868589872,43.4,47.6,459,27.9,111.0,120.0,2
2026-04-04T20:00,25.0,50.0,95.14999898441236,49.7,54.0,462,33.7,86.0,135.75,2
2026-04-04T21:00,25.0,50.0,92.27658245986095,53.1,57.6,463,34.2,72.0,144.25,2
2026-04-04T22:00,25.0,50.0,102.6410402026584,52.7,57.2,463,31.7,63.0,143.25,2
2026-04-04T23:00,25.0,50.0,64.21411159551718,49.2,53.6,465,28.0,58.0,134.5,2
2026-04-05T00:00,25.0,50.0,77.97365021022085,42.3,46.2,470,22.6,59.0,117.25,2
2026-04-05T01:00,25.0,50.0,107.74340415189468,35.9,39.1,476,16.0,63.0,101.25,2
2026-04-05T02:00,25.0,50.0,62.01503003517636,28.9,31.8,481,11.0,66.0,86.11111111111111,1
2026-04-05T03:00,25.0,50.0,50.0,24.4,27.4,486,9.0,63.0,76.4957264957265,1
2026-04-05T04:00,25.0,50.0,53.94701391294268,23.1,26.0,490,8.7,59.0,73.71794871794873,1
2026-04-05T05:00,25.0,50.0,95.31514377865963,27.1,30.7,492,11.6,68.0,82.26495726495727,1
2026-04-05T06:00,25.0,50.0,54.93622818044749,29.6,32.7,491,10.7,76.0,87.60683760683762,1
2026-04-05T07:00,25.0,50.0,107.0039545955872,29.5,32.6,487,9.4,87.0,87.3931623931624,1
2026-04-05T08:00,25.0,50.0,70.59247951052863,25.3,31.1,482,8.4,100.0,78.41880341880342,1
2026-04-05T09:00,25.0,50.0,93.57865903114252,23.4,31.8,474,8.1,117.0,74.35897435897435,1
2026-04-05T10:00,25.0,50.0,60.48438102281268,22.8,33.1,464,8.0,136.0,73.07692307692308,1
2026-04-05T11:00,25.0,50.0,115.12020761669052,22.9,35.2,456,7.7,150.0,73.29059829059828,1
2026-04-05T12:00,25.0,50.0,82.18557590051917,24.2,38.3,452,6.5,156.0,76.06837606837607,1
2026-04-05T13:00,25.0,50.0,75.38556152451456,24.3,38.9,451,5.1,158.0,76.28205128205128,1
2026-04-05T14:00,25.0,50.0,110.67504693066671,22.3,37.5,451,4.3,155.0,72.00854700854701,1
2026-04-05T15:00,25.0,50.0,50.0,19.1,34.5,451,4.6,146.0,65.17094017094017,1
2026-04-05T16:00,25.0,50.0,65.0534781969011,16.0,30.4,452,5.5,133.0,58.547008547008545,1
2026-04-05T17:00,25.0,50.0,82.95393418421726,14.8,27.3,454,6.5,126.0,55.98290598290598,1
2026-04-05T18:00,25.0,50.0,60.54472826725702,17.4,27.0,458,9.7,112.0,61.53846153846153,1
2026-04-05T19:00,25.0,50.0,102.34509608018485,22.7,31.7,463,14.1,93.0,72.86324786324786,1
2026-04-05T20:00,25.0,50.0,105.80562491532045,23.4,30.5,466,16.9,78.0,74.35897435897435,1
2026-04-05T21:00,25.0,50.0,93.35675353571088,22.4,28.3,466,16.4,74.0,72.22222222222221,1
2026-04-05T22:00,25.0,50.0,50.0,21.5,26.8,465,14.4,74.0,70.2991452991453,1
2026-04-05T23:00,25.0,50.0,57.44776987221273,20.0,24.7,465,12.5,73.0,67.09401709401709,1
2026-04-06T00:00,25.0,50.0,85.51355519336472,18.9,23.2,466,11.5,68.0,64.74358974358974,1
2026-04-06T01:00,25.0,50.0,50.0,18.7,23.1,469,10.8,61.0,64.31623931623932,1
2026-04-06T02:00,25.0,50.0,73.34856141768199,18.7,23.1,471,10.3,55.0,64.31623931623932,1
2026-04-06T03:00,25.0,50.0,50.0,18.7,23.1,475,10.2,49.0,64.31623931623932,1
2026-04-06T04:00,25.0,50.0,50.0,18.5,22.8,478,10.3,43.0,63.888888888888886,1
2026-04-06T05:00,25.0,50.0,51.73124563911804,11.7,15.2,480,6.4,67.0,48.75,0
2026-04-06T06:00,25.0,50.0,50.0,12.0,15.8,478,6.4,79.0,50.0,0
2026-04-06T07:00,25.0,50.0,57.83788434299134,13.1,16.5,473,6.3,95.0,52.35042735042735,1
2026-04-06T08:00,25.0,50.0,56.81829794469671,11.2,15.9,469,6.3,112.0,46.666666666666664,0
2026-04-06T09:00,25.0,50.0,81.38077048860323,10.7,16.0,465,6.5,129.0,44.583333333333336,0
2026-04-06T10:00,25.0,50.0,64.98542026152676,10.8,17.7,461,6.8,146.0,45.0,0
2026-04-06T11:00,25.0,50.0,68.40873425746442,12.1,19.2,457,6.7,159.0,50.21367521367522,1
2026-04-06T12:00,25.0,50.0,56.550323305871466,13.8,20.9,454,5.8,166.0,53.84615384615385,1
2026-04-06T13:00,25.0,50.0,76.20574913809102,14.6,21.5,452,4.6,168.0,55.55555555555556,1
2026-04-06T14:00,25.0,50.0,50.0,14.0,20.7,450,3.9,166.0,54.27350427350427,1
2026-04-06T15:00,25.0,50.0,85.08687211751604,12.7,19.2,449,4.2,159.0,51.495726495726494,1
2026-04-06T16:00,25.0,50.0,84.96308098100414,10.9,17.1,450,5.2,147.0,45.416666666666664,0
2026-04-06T17:00,25.0,50.0,50.0,10.1,16.8,451,6.6,137.0,42.083333333333336,0
2026-04-06T18:00,25.0,50.0,93.17846961848588,13.4,18.3,453,9.6,121.0,52.991452991452995,1
2026-04-06T19:00,25.0,50.0,59.11945859530677,17.3,21.9,456,13.6,98.0,61.32478632478633,1
2026-04-06T20:00,25.0,50.0,79.0949423033439,19.4,23.7,459,16.0,83.0,65.8119658119658,1
2026-04-06T21:00,25.0,50.0,79.98390046270201,20.4,24.4,462,15.4,82.0,67.94871794871796,1
2026-04-06T22:00,25.0,50.0,52.284357056502735,20.7,24.2,465,13.2,87.0,68.58974358974359,1
2026-04-06T23:00,25.0,50.0,71.01284896373988,20.1,23.1,467,11.2,90.0,67.3076923076923,1
2026-04-07T00:00,25.0,50.0,50.0,18.9,21.5,469,9.7,87.0,64.74358974358974,1
2026-04-07T01:00,25.0,50.0,50.0,18.2,20.9,470,8.4,82.0,63.24786324786325,1
2026-04-07T02:00,25.0,50.0,50.0,18.3,21.4,471,7.6,76.0,63.46153846153847,1
2026-04-07T03:00,25.0,50.0,56.206087918929114,18.9,22.8,473,7.8,66.0,64.74358974358974,1
2026-04-07T04:00,25.0,50.0,50.71882137845999,19.7,24.3,475,8.6,55.0,66.45299145299145,1
2026-04-07T05:00,25.0,50.0,80.28009300746857,21.0,27.4,476,10.2,49.0,69.23076923076923,1
2026-04-07T06:00,25.0,50.0,50.0,21.9,28.4,474,9.6,64.0,71.15384615384616,1
2026-04-07T07:00,25.0,50.0,76.35362370292648,23.5,28.9,470,8.8,86.0,74.57264957264957,1
2026-04-07T08:00,25.0,50.0,117.33099868079643,21.2,29.7,466,8.0,108.0,69.65811965811966,1
2026-04-07T09:00,25.0,50.0,83.86071628740595,16.8,27.9,461,7.2,131.0,60.25641025641026,1
2026-04-07T10:00,25.0,50.0,79.87520484202844,15.5,26.1,457,6.3,154.0,57.47863247863248,1
2026-04-07T11:00,25.0,50.0,85.77935544154855,15.2,22.9,453,5.5,170.0,56.837606837606835,1
2026-04-07T12:00,25.0,50.0,64.88062263663562,15.3,21.4,452,4.6,174.0,57.05128205128205,1
2026-04-07T13:00,25.0,50.0,63.46746418080851,14.3,19.0,452,3.8,171.0,54.914529914529915,1
2026-04-07T14:00,25.0,50.0,90.03430596037873,12.6,16.3,452,3.5,166.0,51.282051282051285,1
2026-04-07T15:00,25.0,50.0,50.0,11.1,14.6,452,3.6,160.0,46.25,0
2026-04-07T16:00,25.0,50.0,77.86274027778971,10.3,14.1,451,4.1,153.0,42.916666666666664,0
2026-04-07T17:00,25.0,50.0,50.0,14.7,23.1,452,6.0,141.0,55.76923076923077,1
2026-04-07T18:00,25.0,50.0,63.73152493939105,17.4,24.0,455,8.5,126.0,61.53846153846153,1
2026-04-07T19:00,25.0,50.0,83.29589992706238,22.2,28.7,459,12.2,106.0,71.7948717948718,1
2026-04-07T20:00,25.0,50.0,54.133270920778855,27.6,34.8,463,15.5,87.0,83.33333333333334,1
2026-04-07T21:00,25.0,50.0,99.61533899131614,33.8,41.6,465,18.8,72.0,96.58119658119656,1
2026-04-07T22:00,25.0,50.0,71.44180385140078,39.3,47.6,466,21.9,59.0,109.75,2
2026-04-07T23:00,25.0,50.0,68.30303042631886,41.8,50.5,468,22.7,52.0,116.0,2
2026-04-08T00:00,25.0,50.0,64.74747646057078,37.6,46.3,470,19.4,53.0,105.5,2
2026-04-08T01:00,25.0,50.0,70.91556686513769,31.1,40.5,473,13.8,59.0,90.81196581196582,1
2026-04-08T02:00,25.0,50.0,58.00051513568316,26.7,38.9,475,9.4,64.0,81.41025641025641,1
2026-04-08T03:00,25.0,50.0,97.84295751324068,24.2,39.7,477,7.5,65.0,76.06837606837607,1
2026-04-08T04:00,25.0,50.0,77.12150521944639,23.1,41.9,479,6.6,64.0,73.71794871794873,1
2026-04-08T05:00,25.0,50.0,63.969560706253745,22.4,42.1,478,6.2,66.0,72.22222222222221,1
2026-04-08T06:00,25.0,50.0,105.35914505423335,23.4,45.2,473,6.4,71.0,74.35897435897435,1
2026-04-08T07:00,25.0,50.0,88.26361973395525,24.7,44.9,465,6.7,78.0,77.13675213675214,1
2026-04-08T08:00,25.0,50.0,122.48339467055983,23.0,45.8,458,6.7,85.0,73.5042735042735,1
2026-04-08T09:00,25.0,50.0,59.74907268575204,21.1,45.2,454,6.2,91.0,69.44444444444444,1
2026-04-08T10:00,25.0,50.0,95.15622490426043,23.4,61.0,451,5.4,97.0,74.35897435897435,1
2026-04-08T11:00,25.0,50.0,98.97227064666058,28.3,92.2,449,4.6,101.0,84.82905982905983,1
2026-04-08T12:00,25.0,50.0,99.47382075165459,31.1,116.2,448,3.8,101.0,90.81196581196582,1
2026-04-08T13:00,25.0,50.0,89.54403713046678,31.3,118.5,448,3.1,98.0,91.23931623931624,1
2026-04-08T14:00,25.0,50.0,92.41640741780544,30.7,111.5,448,2.8,96.0,89.95726495726495,1
2026-04-08T15:00,25.0,50.0,105.1339981293669,29.5,99.2,448,3.0,97.0,87.3931623931624,1
2026-04-08T16:00,25.0,50.0,97.32443099092409,27.6,86.6,448,3.7,99.0,83.33333333333334,1
2026-04-08T17:00,25.0,50.0,85.58098136767612,25.1,77.5,450,4.8,100.0,77.991452991453,1
2026-04-08T18:00,25.0,50.0,90.70906999612944,22.7,59.0,454,7.1,91.0,72.86324786324786,1
2026-04-08T19:00,25.0,50.0,88.99211436134959,23.2,53.3,460,10.2,80.0,73.93162393162393,1
2026-04-08T20:00,25.0,50.0,87.09146523643017,26.5,54.1,463,12.5,69.0,80.98290598290599,1
2026-04-08T21:00,25.0,50.0,90.14114114155046,31.5,60.1,462,13.4,61.0,91.66666666666667,1
2026-04-08T22:00,25.0,50.0,50.0,33.2,59.1,460,13.6,55.0,95.29914529914531,1
2026-04-08T23:00,25.0,50.0,84.67489234701121,32.7,57.3,459,13.2,51.0,94.23076923076924,1
2026-04-09T00:00,25.0,50.0,53.92215339514759,32.8,58.6,463,12.2,49.0,94.44444444444443,1
2026-04-09T01:00,25.0,50.0,78.21187465749857,33.8,62.9,468,10.6,49.0,96.58119658119656,1
2026-04-09T02:00,25.0,50.0,57.20337394776882,34.1,65.2,473,9.4,50.0,97.22222222222223,1
2026-04-09T03:00,25.0,50.0,86.30863403009322,34.2,67.1,477,8.9,49.0,97.43589743589745,1
2026-04-09T04:00,25.0,50.0,59.49460437687513,33.6,66.6,481,8.8,49.0,96.15384615384616,1
2026-04-09T05:00,25.0,50.0,76.83610329598925,23.5,40.6,482,5.5,74.0,74.57264957264957,1
2026-04-09T06:00,25.0,50.0,82.34858045984484,24.3,41.7,479,6.1,80.0,76.28205128205128,1
2026-04-09T07:00,25.0,50.0,75.73240224640604,24.9,43.8,473,6.9,89.0,77.56410256410257,1
2026-04-09T08:00,25.0,50.0,57.03666120097343,28.3,58.1,467,7.3,101.0,84.82905982905983,1
2026-04-09T09:00,25.0,50.0,70.48741353415778,33.4,73.8,463,6.9,117.0,95.72649572649573,1
2026-04-09T10:00,25.0,50.0,78.10744516824056,30.7,74.7,458,6.2,136.0,89.95726495726495,1
2026-04-09T11:00,25.0,50.0,64.8641817955682,29.1,72.2,455,5.4,150.0,86.53846153846155,1
2026-04-09T12:00,25.0,50.0,115.2888906832345,29.0,70.5,453,4.7,157.0,86.32478632478632,1
2026-04-09T13:00,25.0,50.0,94.80053382050116,27.9,67.3,451,3.9,160.0,83.97435897435898,1
2026-04-09T14:00,25.0,50.0,72.15637143881108,24.6,60.5,450,3.7,160.0,76.92307692307693,1
2026-04-09T15:00,25.0,50.0,92.74066904190508,21.5,52.9,449,3.8,157.0,70.2991452991453,1
2026-04-09T16:00,25.0,50.0,105.78864179571332,18.7,46.0,449,4.4,152.0,64.31623931623932,1
2026-04-09T17:00,25.0,50.0,50.0,14.8,34.6,450,6.1,147.0,55.98290598290598,1
2026-04-09T18:00,25.0,50.0,50.0,16.3,31.9,453,10.0,131.0,59.18803418803419,1
2026-04-09T19:00,25.0,50.0,50.0,22.5,38.5,456,15.4,109.0,72.43589743589743,1
2026-04-09T20:00,25.0,50.0,61.78592591564936,27.2,43.5,459,18.3,93.0,82.47863247863248,1
2026-04-09T21:00,25.0,50.0,97.7830433895529,27.4,43.0,460,16.6,88.0,82.90598290598291,1
2026-04-09T22:00,25.0,50.0,53.241045761097126,25.1,38.4,460,12.6,88.0,77.991452991453,1
2026-04-09T23:00,25.0,50.0,50.0,22.2,33.9,461,9.3,87.0,71.7948717948718,1
2026-04-10T00:00,25.0,50.0,50.0,21.0,32.2,465,7.8,83.0,69.23076923076923,1
2026-04-10T01:00,25.0,50.0,94.29551533495763,21.1,33.1,470,7.1,78.0,69.44444444444444,1
2026-04-10T02:00,25.0,50.0,78.15961812433974,21.8,34.6,474,6.5,75.0,70.94017094017094,1
2026-04-10T03:00,25.0,50.0,88.22590892011496,21.9,34.8,476,5.9,73.0,71.15384615384616,1
2026-04-10T04:00,25.0,50.0,64.12121682642497,21.8,35.3,476,5.5,73.0,70.94017094017094,1
2026-04-10T05:00,25.0,50.0,88.89825448341823,21.4,38.1,475,5.1,82.0,70.08547008547009,1
2026-04-10T06:00,25.0,50.0,70.33855637362186,22.3,42.1,472,5.7,89.0,72.00854700854701,1
2026-04-10T07:00,25.0,50.0,97.44854220351655,23.2,46.2,467,6.5,100.0,73.93162393162393,1
2026-04-10T08:00,25.0,50.0,66.69915775026654,23.9,58.4,463,6.9,113.0,75.42735042735042,1
2026-04-10T09:00,25.0,50.0,104.51225975197646,24.7,67.3,460,6.6,130.0,77.13675213675214,1
2026-04-10T10:00,25.0,50.0,109.25141736578371,23.9,66.6,457,5.9,149.0,75.42735042735042,1
2026-04-10T11:00,25.0,50.0,114.5141400496761,23.7,64.0,455,5.3,165.0,75.0,1
2026-04-10T12:00,25.0,50.0,103.54174773746497,24.9,63.1,455,4.8,176.0,77.56410256410257,1
2026-04-10T13:00,25.0,50.0,88.24172212443459,25.8,62.4,456,4.4,185.0,79.48717948717949,1
2026-04-10T14:00,25.0,50.0,99.48078742155687,26.1,61.2,456,4.5,188.0,80.12820512820514,1
2026-04-10T15:00,25.0,50.0,107.82578292281035,25.9,60.1,454,5.1,186.0,79.7008547008547,1
2026-04-10T16:00,25.0,50.0,114.35012727083179,24.9,58.3,452,6.2,179.0,77.56410256410257,1
2026-04-10T17:00,25.0,50.0,83.64285855294727,14.3,29.5,452,7.4,170.0,54.914529914529915,1
2026-04-10T18:00,25.0,50.0,87.38202288998858,16.5,29.6,456,9.9,150.0,59.61538461538461,1
2026-04-10T19:00,25.0,50.0,98.04879340578637,21.0,33.6,462,13.3,122.0,69.23076923076923,1
2026-04-10T20:00,25.0,50.0,62.446735628520806,21.0,31.1,466,15.1,101.0,69.23076923076923,1
2026-04-10T21:00,25.0,50.0,54.84175794474515,19.2,26.8,467,13.7,93.0,65.38461538461539,1
2026-04-10T22:00,25.0,50.0,55.51525451492349,17.3,24.1,466,10.7,92.0,61.32478632478633,1
2026-04-10T23:00,25.0,50.0,56.132989901642084,16.4,23.3,466,8.3,91.0,59.4017094017094,1
2026-04-11T00:00,25.0,50.0,50.0,16.4,24.0,469,7.3,87.0,59.4017094017094,1
2026-04-11T01:00,25.0,50.0,50.0,16.8,25.1,474,6.8,83.0,60.25641025641026,1
2026-04-11T02:00,25.0,50.0,61.81340619806812,16.5,24.9,477,6.3,81.0,59.61538461538461,1
2026-04-11T03:00,25.0,50.0,64.54055580394748,15.5,22.8,477,5.6,83.0,57.47863247863248,1
2026-04-11T04:00,25.0,50.0,80.56140816662662,13.9,19.9,476,5.0,88.0,54.05982905982906,1
2026-04-11T05:00,25.0,50.0,50.0,14.0,19.8,474,5.3,87.0,54.27350427350427,1
2026-04-11T06:00,25.0,50.0,50.0,13.4,18.6,471,5.5,99.0,52.991452991452995,1
2026-04-11T07:00,25.0,50.0,63.32168735261434,13.9,18.7,466,5.9,116.0,54.05982905982906,1
2026-04-11T08:00,25.0,50.0,52.60160223345473,12.9,22.9,462,6.2,132.0,51.92307692307693,1
2026-04-11T09:00,25.0,50.0,62.93304799459604,14.0,38.3,459,6.6,145.0,54.27350427350427,1
2026-04-11T10:00,25.0,50.0,50.0,12.8,37.1,456,6.9,157.0,51.70940170940171,1
2026-04-11T11:00,25.0,50.0,97.16866846442466,11.6,32.1,454,6.9,167.0,48.333333333333336,0
2026-04-11T12:00,25.0,50.0,86.46246357346932,13.0,31.0,452,6.2,176.0,52.136752136752136,1
2026-04-11T13:00,25.0,50.0,94.39873187845495,14.4,29.2,451,5.1,183.0,55.12820512820513,1
2026-04-11T14:00,25.0,50.0,95.31407893999639,14.1,25.9,450,4.6,186.0,54.48717948717949,1
2026-04-11T15:00,25.0,50.0,50.0,12.7,22.1,449,4.6,183.0,51.495726495726494,1
2026-04-11T16:00,25.0,50.0,82.43692773282095,11.2,19.2,449,5.1,176.0,46.666666666666664,0
2026-04-11T17:00,25.0,50.0,67.68616777547693,7.2,10.2,451,6.8,167.0,30.0,0
2026-04-11T18:00,25.0,50.0,92.42535161976457,11.6,14.1,458,12.2,148.0,48.333333333333336,0
2026-04-11T19:00,25.0,50.0,102.04483521254892,20.2,22.6,468,19.6,121.0,67.52136752136752,1
2026-04-11T20:00,25.0,50.0,63.72242798035854,26.4,28.6,475,23.9,99.0,80.76923076923077,1
2026-04-11T21:00,25.0,50.0,86.0919693469304,27.6,29.6,478,22.5,88.0,83.33333333333334,1
2026-04-11T22:00,25.0,50.0,64.54864528334652,24.4,26.1,479,18.1,81.0,76.4957264957265,1
2026-04-11T23:00,25.0,50.0,50.0,21.5,23.5,480,14.2,76.0,70.2991452991453,1
2026-04-12T00:00,25.0,50.0,65.43894559638467,19.4,22.2,481,11.9,72.0,65.8119658119658,1
2026-04-12T01:00,25.0,50.0,69.82789513067648,18.3,21.9,483,10.2,68.0,63.46153846153847,1
2026-04-12T02:00,25.0,50.0,50.0,18.2,23.0,485,9.2,66.0,63.24786324786325,1
2026-04-12T03:00,25.0,50.0,50.0,18.7,24.8,490,9.5,61.0,64.31623931623932,1
2026-04-12T04:00,25.0,50.0,77.23336822289787,19.7,27.1,496,10.6,57.0,66.45299145299145,1
2026-04-12T05:00,25.0,50.0,50.0,35.0,40.3,500,17.1,50.0,99.14529914529915,1
2026-04-12T06:00,25.0,50.0,66.57557401881463,40.0,46.0,500,15.5,76.0,111.5,2
2026-04-12T07:00,25.0,50.0,136.59729365622186,45.9,51.0,497,13.2,113.0,126.25,2
2026-04-12T08:00,25.0,50.0,76.8157596887828,36.1,43.2,491,11.3,145.0,101.75,2
2026-04-12T09:00,25.0,50.0,77.92047683804846,27.2,34.2,480,10.4,167.0,82.47863247863248,1
2026-04-12T10:00,25.0,50.0,96.72485781893154,17.2,22.4,467,9.8,185.0,61.11111111111111,1
2026-04-12T11:00,25.0,50.0,50.0,15.8,20.1,457,9.1,198.0,58.11965811965812,1
2026-04-12T12:00,25.0,50.0,53.16167155492796,18.1,23.3,454,7.6,207.0,63.034188034188034,1
2026-04-12T13:00,25.0,50.0,95.22199338695523,20.0,25.8,454,5.9,212.0,67.09401709401709,1
2026-04-12T14:00,25.0,50.0,97.92980840635869,20.1,26.3,454,4.9,212.0,67.3076923076923,1
2026-04-12T15:00,25.0,50.0,92.5898199340417,19.3,25.4,454,5.0,206.0,65.5982905982906,1
2026-04-12T16:00,25.0,50.0,69.56604237714403,17.8,24.0,454,5.9,196.0,62.3931623931624,1
2026-04-12T17:00,25.0,50.0,98.82817428705387,23.1,33.1,455,7.6,188.0,73.71794871794873,1
2026-04-12T18:00,25.0,50.0,114.43825390307327,29.6,38.0,459,11.6,166.0,87.60683760683762,1
2026-04-12T19:00,25.0,50.0,114.41061797765114,38.4,47.4,463,17.2,136.0,107.5,2
2026-04-12T20:00,25.0,50.0,96.44506962907347,41.6,51.3,467,21.1,113.0,115.5,2
2026-04-12T21:00,25.0,50.0,76.64398620847359,42.5,53.3,468,22.0,104.0,117.75,2
2026-04-12T22:00,25.0,50.0,82.60587462204947,44.0,55.8,469,21.3,101.0,121.5,2
2026-04-12T23:00,25.0,50.0,59.187308161568126,46.8,59.1,470,20.1,96.0,128.5,2
2026-04-13T00:00,25.0,50.0,92.88573897513045,47.1,59.0,473,18.5,86.0,129.25,2
2026-04-13T01:00,25.0,50.0,119.1738472026662,45.8,56.9,476,16.4,75.0,126.0,2
2026-04-13T02:00,25.0,50.0,101.65197613326052,44.2,54.1,480,15.3,64.0,122.00000000000001,2
2026-04-13T03:00,25.0,50.0,72.95683367271742,43.3,52.5,486,16.2,52.0,119.75,2
2026-04-13T04:00,25.0,50.0,111.28327814544394,44.5,53.9,493,18.0,40.0,122.75,2
2026-04-13T05:00,25.0,50.0,66.41498587276988,43.9,50.6,495,16.1,51.0,121.25,2
2026-04-13T06:00,25.0,50.0,68.0262820766531,41.2,52.4,489,14.0,70.0,114.50000000000001,2
2026-04-13T07:00,25.0,50.0,76.3838903159047,42.8,57.3,479,11.1,98.0,118.5,2
2026-04-13T08:00,25.0,50.0,112.04038220692692,42.3,72.4,471,8.9,126.0,117.25,2
2026-04-13T09:00,25.0,50.0,88.93292797447556,42.8,86.4,467,8.3,156.0,118.5,2
2026-04-13T10:00,25.0,50.0,65.91382689518026,45.6,96.2,464,8.5,186.0,125.5,2
2026-04-13T11:00,25.0,50.0,133.9037936548444,46.1,95.7,462,8.5,210.0,126.75,2
2026-04-13T12:00,25.0,50.0,127.61374357951992,42.8,82.9,460,7.7,225.0,118.5,2
2026-04-13T13:00,25.0,50.0,138.86344475921905,41.7,73.1,458,6.7,232.0,115.75000000000001,2
2026-04-13T14:00,25.0,50.0,106.65492293591274,40.5,69.2,457,6.1,232.0,112.75,2
2026-04-13T15:00,25.0,50.0,121.04356474804229,37.4,65.4,456,6.2,221.0,105.0,2
2026-04-13T16:00,25.0,50.0,69.41189820465793,32.8,60.8,456,6.7,203.0,94.44444444444443,1
2026-04-13T17:00,25.0,50.0,116.34705501299813,27.9,50.2,458,8.4,192.0,83.97435897435898,1
2026-04-13T18:00,25.0,50.0,96.11678205128914,34.6,54.9,462,12.8,168.0,98.2905982905983,1
2026-04-13T19:00,25.0,50.0,108.25293642814322,42.8,64.0,468,18.8,136.0,118.5,2
2026-04-13T20:00,25.0,50.0,85.07392968796526,43.9,64.7,474,22.8,108.0,121.25,2
2026-04-13T21:00,25.0,50.0,62.05566373866307,43.5,63.8,478,23.1,90.0,120.25,2
2026-04-13T22:00,25.0,50.0,83.66215745678163,46.7,66.1,482,21.4,78.0,128.25,2
2026-04-13T23:00,25.0,50.0,107.14132797058531,41.7,55.6,485,19.0,71.0,115.75000000000001,2
2026-04-14T00:00,25.0,50.0,71.29012339330735,36.4,48.3,485,15.5,71.0,102.5,2
2026-04-14T01:00,25.0,50.0,95.10079245369616,34.2,52.6,484,11.2,76.0,97.43589743589745,1
2026-04-14T02:00,25.0,50.0,92.01667780800771,33.1,61.9,484,8.4,80.0,95.08547008547009,1
2026-04-14T03:00,25.0,50.0,78.75163082211147,33.3,69.6,485,8.3,77.0,95.5128205128205,1
2026-04-14T04:00,25.0,50.0,63.31849979366024,35.2,76.6,487,9.7,73.0,99.5726495726496,1
2026-04-14T05:00,25.0,50.0,50.0,32.0,68.0,488,9.2,82.0,92.73504273504274,1
2026-04-14T06:00,25.0,50.0,80.67764736130161,34.1,70.8,486,9.0,91.0,97.22222222222223,1
2026-04-14T07:00,25.0,50.0,106.01129678781732,37.0,66.8,483,8.8,103.0,104.0,2
2026-04-14T08:00,25.0,50.0,75.38422617013522,35.4,85.0,479,8.6,121.0,100.0,1
2026-04-14T09:00,25.0,50.0,97.47173410495493,35.7,88.2,474,8.7,148.0,100.75000000000001,2
2026-04-14T10:00,25.0,50.0,126.3241461617521,36.7,81.0,469,8.8,180.0,103.25000000000001,2
2026-04-14T11:00,25.0,50.0,113.93895263808274,37.3,72.6,464,8.5,202.0,104.75,2
2026-04-14T12:00,25.0,50.0,78.84538098721163,31.7,62.4,461,7.4,207.0,92.09401709401709,1
2026-04-14T13:00,25.0,50.0,79.50762260606776,29.4,56.1,458,5.9,203.0,87.17948717948718,1
2026-04-14T14:00,25.0,50.0,66.11973687398734,26.7,51.0,456,5.0,195.0,81.41025641025641,1
2026-04-14T15:00,25.0,50.0,109.74786141282604,23.2,46.3,454,5.1,184.0,73.93162393162393,1
2026-04-14T16:00,25.0,50.0,77.77140950905867,19.4,42.0,453,5.9,169.0,65.8119658119658,1
2026-04-14T17:00,25.0,50.0,55.974393320396956,16.1,31.8,453,7.7,165.0,58.76068376068376,1
2026-04-14T18:00,25.0,50.0,93.40838484093908,22.8,35.4,457,9.8,146.0,73.07692307692308,1
2026-04-14T19:00,25.0,50.0,52.30678356900142,27.0,38.5,462,12.6,120.0,82.05128205128204,1
2026-04-14T20:00,25.0,50.0,50.0,23.4,32.6,467,14.2,102.0,74.35897435897435,1
2026-04-14T21:00,25.0,50.0,82.47692617195872,19.8,27.4,470,13.4,100.0,66.66666666666667,1
2026-04-14T22:00,25.0,50.0,75.53124799132357,18.9,25.3,473,11.4,107.0,64.74358974358974,1
2026-04-14T23:00,25.0,50.0,79.98500998179935,20.1,26.1,475,10.1,108.0,67.3076923076923,1
2026-04-15T00:00,25.0,50.0,54.41150763584679,22.1,27.7,478,10.4,98.0,71.5811965811966,1
2026-04-15T01:00,25.0,50.0,50.0,24.7,30.2,480,11.3,84.0,77.13675213675214,1
2026-04-15T02:00,25.0,50.0,66.05407235537089,28.6,33.9,482,12.0,72.0,85.47008547008548,1
2026-04-15T03:00,25.0,50.0,50.0,31.8,36.8,484,12.2,62.0,92.30769230769232,1
2026-04-15T04:00,25.0,50.0,73.45808906095213,31.4,35.4,486,12.1,54.0,91.45299145299145,1
2026-04-15T05:00,25.0,50.0,106.66778299303179,31.1,38.5,486,13.1,49.0,90.81196581196582,1
2026-04-15T06:00,25.0,50.0,59.57862731525651,35.4,42.5,483,12.2,74.0,100.0,1
2026-04-15T07:00,25.0,50.0,93.89407641738302,37.4,43.3,479,10.9,108.0,105.0,2
2026-04-15T08:00,25.0,50.0,101.35978795791186,32.8,40.5,474,9.6,136.0,94.44444444444443,1
2026-04-15T09:00,25.0,50.0,59.900784555116104,20.3,25.9,469,8.3,150.0,67.73504273504274,1
2026-04-15T10:00,25.0,50.0,56.539872100287475,15.5,20.8,463,7.0,156.0,57.47863247863248,1
2026-04-15T11:00,25.0,50.0,100.50507523537777,14.9,22.1,458,5.8,160.0,56.1965811965812,1
2026-04-15T12:00,25.0,50.0,75.00107528047748,15.5,22.7,456,4.8,162.0,57.47863247863248,1
2026-04-15T13:00,25.0,50.0,63.606377048549376,14.6,21.0,455,4.0,160.0,55.55555555555556,1
2026-04-15T14:00,25.0,50.0,81.39920703946507,12.5,17.8,454,3.7,157.0,51.06837606837607,1
2026-04-15T15:00,25.0,50.0,50.0,10.0,14.3,453,3.8,153.0,41.666666666666664,0
2026-04-15T16:00,25.0,50.0,69.27286596237711,7.9,11.4,453,4.3,148.0,32.916666666666664,0
2026-04-15T17:00,25.0,50.0,50.0,3.8,3.9,454,5.5,146.0,15.833333333333334,0
2026-04-15T18:00,25.0,50.0,50.0,6.9,7.0,458,8.0,132.0,28.75,0
2026-04-15T19:00,25.0,50.0,64.08563731433084,13.4,13.5,463,11.5,114.0,52.991452991452995,1
2026-04-15T20:00,25.0,50.0,65.84155752583746,16.6,16.7,466,13.8,99.0,59.82905982905983,1
2026-04-15T21:00,25.0,50.0,71.03919279527781,18.0,18.0,465,13.8,93.0,62.82051282051282,1
2026-04-15T22:00,25.0,50.0,50.0,18.7,18.7,462,12.6,91.0,64.31623931623932,1
2026-04-15T23:00,25.0,50.0,50.0,18.0,18.0,463,11.4,89.0,62.82051282051282,1
2026-04-16T00:00,25.0,50.0,77.70266735687771,16.8,16.8,470,10.4,83.0,60.25641025641026,1
2026-04-16T01:00,25.0,50.0,62.09465328412172,16.7,16.9,481,9.3,77.0,60.042735042735046,1
2026-04-16T02:00,25.0,50.0,72.88948695152642,17.2,17.9,489,8.5,72.0,61.11111111111111,1
2026-04-16T03:00,25.0,50.0,83.28686298348865,17.2,18.6,493,8.1,67.0,61.11111111111111,1
2026-04-16T04:00,25.0,50.0,50.0,16.6,19.1,494,8.0,64.0,59.82905982905983,1
2026-04-16T05:00,25.0,50.0,57.10014770307044,21.1,23.8,492,11.9,51.0,69.44444444444444,1
2026-04-16T06:00,25.0,50.0,62.804740452691206,20.3,23.6,486,10.4,67.0,67.73504273504274,1
2026-04-16T07:00,25.0,50.0,52.486514215195655,21.6,25.6,477,8.4,91.0,70.51282051282053,1
2026-04-16T08:00,25.0,50.0,68.17742540387528,20.3,29.9,469,7.0,113.0,67.73504273504274,1
2026-04-16T09:00,25.0,50.0,78.1665418619232,20.3,35.5,465,6.8,134.0,67.73504273504274,1
2026-04-16T10:00,25.0,50.0,54.12496943683327,18.9,38.3,463,7.1,154.0,64.74358974358974,1
2026-04-16T11:00,25.0,50.0,79.6190613556084,17.7,35.6,461,7.1,168.0,62.179487179487175,1
2026-04-16T12:00,25.0,50.0,74.85537220137239,17.2,31.0,458,6.1,173.0,61.11111111111111,1
2026-04-16T13:00,25.0,50.0,96.85908390453672,16.8,27.7,455,4.8,171.0,60.25641025641026,1
2026-04-16T14:00,25.0,50.0,98.61202273830855,15.4,24.2,452,4.1,167.0,57.26495726495727,1
2026-04-16T15:00,25.0,50.0,112.74457594072425,13.2,20.5,450,4.3,159.0,52.56410256410256,1
2026-04-16T16:00,25.0,50.0,66.56101250506399,11.0,17.6,449,5.1,149.0,45.833333333333336,0
2026-04-16T17:00,25.0,50.0,107.48372453917867,8.4,11.3,450,6.2,144.0,35.0,0
2026-04-16T18:00,25.0,50.0,50.0,11.5,13.8,453,7.5,133.0,47.916666666666664,0
2026-04-16T19:00,25.0,50.0,59.542906719505744,15.6,18.0,458,9.2,119.0,57.69230769230769,1
2026-04-16T20:00,25.0,50.0,70.05068383887772,16.4,19.2,462,10.4,107.0,59.4017094017094,1
2026-04-16T21:00,25.0,50.0,68.62140950017732,16.8,20.0,464,10.5,103.0,60.25641025641026,1
2026-04-16T22:00,25.0,50.0,54.09998682050201,17.6,21.2,464,10.0,102.0,61.965811965811966,1
2026-04-16T23:00,25.0,50.0,59.95198505331481,18.6,22.3,466,9.7,99.0,64.1025641025641,1
2026-04-17T00:00,25.0,50.0,84.76900196753746,19.3,22.8,470,9.8,90.0,65.5982905982906,1
2026-04-17T01:00,25.0,50.0,65.81575026998863,20.8,24.0,475,10.0,78.0,68.80341880341881,1
2026-04-17T02:00,25.0,50.0,53.88425864060401,23.6,26.7,480,10.7,68.0,74.7863247863248,1
2026-04-17T03:00,25.0,50.0,69.5651457133612,27.1,30.4,485,12.5,56.0,82.26495726495727,1
2026-04-17T04:00,25.0,50.0,51.14403289559906,30.2,33.6,489,14.7,46.0,88.88888888888889,1
2026-04-17T05:00,25.0,50.0,82.13818022822474,31.7,37.5,492,13.6,48.0,92.09401709401709,1
2026-04-17T06:00,25.0,50.0,67.89056905895477,34.1,40.5,492,12.5,71.0,97.22222222222223,1
2026-04-17T07:00,25.0,50.0,84.99638587800759,39.1,46.2,489,10.9,105.0,109.25,2
2026-04-17T08:00,25.0,50.0,105.20004870378723,40.7,58.1,485,9.8,141.0,113.25000000000001,2
2026-04-17T09:00,25.0,50.0,95.8206513017875,38.9,68.0,479,9.7,181.0,108.75,2
2026-04-17T10:00,25.0,50.0,127.90710858781088,36.8,65.2,471,10.2,224.0,103.5,2
2026-04-17T11:00,25.0,50.0,126.71999507226872,37.8,61.7,464,10.1,252.0,106.0,2
2026-04-17T12:00,25.0,50.0,51.019231502786596,36.9,55.1,459,8.9,256.0,103.75,2
2026-04-17T13:00,25.0,50.0,78.45769023912916,34.9,50.3,455,7.2,246.0,98.93162393162393,1
2026-04-17T14:00,25.0,50.0,70.95368633127762,33.6,47.8,452,6.3,234.0,96.15384615384616,1
2026-04-17T15:00,25.0,50.0,83.58410002832572,32.7,47.0,451,6.5,226.0,94.23076923076924,1
2026-04-17T16:00,25.0,50.0,104.31975886203458,30.0,44.7,451,7.4,217.0,88.46153846153847,1
2026-04-17T17:00,25.0,50.0,133.87459669942925,24.7,44.4,452,7.8,160.0,77.13675213675214,1
2026-04-17T18:00,25.0,50.0,110.59102226384138,35.5,50.9,455,10.7,139.0,100.25,2
2026-04-17T19:00,25.0,50.0,112.44975234759578,40.0,52.3,460,14.7,111.0,111.5,2
2026-04-17T20:00,25.0,50.0,71.7793895656358,36.9,45.1,464,17.0,90.0,103.75,2
2026-04-17T21:00,25.0,50.0,97.71590827475254,33.9,39.9,468,16.1,84.0,96.7948717948718,1
2026-04-17T22:00,25.0,50.0,108.80382299229228,32.8,38.1,471,13.6,84.0,94.44444444444443,1
2026-04-17T23:00,25.0,50.0,50.0,31.8,36.6,474,11.5,84.0,92.30769230769232,1
2026-04-18T00:00,25.0,50.0,113.78867505258862,30.6,34.8,474,10.6,79.0,89.74358974358975,1
2026-04-18T01:00,25.0,50.0,50.63592541474061,30.6,34.7,473,10.1,72.0,89.74358974358975,1
2026-04-18T02:00,25.0,50.0,50.0,31.8,36.0,474,9.8,68.0,92.30769230769232,1
2026-04-18T03:00,25.0,50.0,63.89248195764315,32.6,37.1,479,9.4,66.0,94.01709401709402,1
2026-04-18T04:00,25.0,50.0,98.91424704554306,31.7,36.7,486,9.2,65.0,92.09401709401709,1
2026-04-18T05:00,25.0,50.0,65.0753277302777,23.9,29.6,490,7.8,83.0,75.42735042735042,1
2026-04-18T06:00,25.0,50.0,96.65006749673296,25.0,31.0,487,8.1,90.0,77.77777777777777,1
2026-04-18T07:00,25.0,50.0,62.739626137118265,29.8,34.8,481,8.6,101.0,88.03418803418803,1
2026-04-18T08:00,25.0,50.0,56.11511211314364,30.2,37.0,476,9.2,116.0,88.88888888888889,1
2026-04-18T09:00,25.0,50.0,61.09144052957059,29.8,36.8,473,10.2,138.0,88.03418803418803,1
2026-04-18T10:00,25.0,50.0,67.13713360512381,32.2,39.5,470,11.4,163.0,93.16239316239317,1
2026-04-18T11:00,25.0,50.0,116.150678966053,35.4,44.2,467,11.6,183.0,100.0,1
2026-04-18T12:00,25.0,50.0,97.04558459627833,36.4,47.8,463,10.0,194.0,102.5,2
2026-04-18T13:00,25.0,50.0,101.28971990611316,35.3,46.2,458,7.5,199.0,99.78632478632477,1
2026-04-18T14:00,25.0,50.0,84.13432250100446,34.6,43.2,454,5.9,198.0,98.2905982905983,1
2026-04-18T15:00,25.0,50.0,76.71570567078962,32.9,39.8,452,5.9,191.0,94.65811965811966,1
2026-04-18T16:00,25.0,50.0,80.40944028226303,29.3,35.0,451,6.7,178.0,86.96581196581197,1
2026-04-18T17:00,25.0,50.0,59.70407693189893,29.0,34.6,452,8.2,153.0,86.32478632478632,1
2026-04-18T18:00,25.0,50.0,110.08285073910261,34.9,38.9,455,9.4,136.0,98.93162393162393,1
2026-04-18T19:00,25.0,50.0,84.17800283122295,37.5,40.4,459,11.0,113.0,105.25,2
2026-04-18T20:00,25.0,50.0,86.15197385802448,34.6,36.8,464,11.9,96.0,98.2905982905983,1
2026-04-18T21:00,25.0,50.0,54.25495969670306,32.7,34.7,469,11.4,90.0,94.23076923076924,1
2026-04-18T22:00,25.0,50.0,75.57264836901302,32.1,34.1,473,10.2,90.0,92.94871794871796,1
2026-04-18T23:00,25.0,50.0,96.93321583409161,31.7,33.8,477,9.3,90.0,92.09401709401709,1
2026-04-19T00:00,25.0,50.0,50.0,30.9,33.1,478,9.0,87.0,90.38461538461539,1
2026-04-19T01:00,25.0,50.0,102.72659252242944,29.8,32.4,478,8.9,84.0,88.03418803418803,1
2026-04-19T02:00,25.0,50.0,53.89025917040553,28.5,31.1,479,9.1,82.0,85.25641025641025,1
2026-04-19T03:00,25.0,50.0,72.37957135530613,25.4,27.7,482,9.6,80.0,78.63247863247864,1
2026-04-19T04:00,25.0,50.0,56.94287226784932,23.1,25.0,486,10.2,79.0,73.71794871794873,1
2026-04-19T05:00,25.0,50.0,109.86212757918395,47.4,50.3,488,20.3,35.0,130.0,2
2026-04-19T06:00,25.0,50.0,119.56396656203052,47.6,50.2,485,17.9,58.0,130.5,2
2026-04-19T07:00,25.0,50.0,85.16393758184583,47.7,49.9,481,14.6,91.0,130.75,2
2026-04-19T08:00,25.0,50.0,50.0,42.3,45.2,475,12.8,120.0,117.25,2
2026-04-19T09:00,25.0,50.0,82.90616882688552,36.3,39.6,469,14.2,140.0,102.25,2
2026-04-19T10:00,25.0,50.0,84.65114862384864,27.2,30.4,462,16.9,157.0,82.47863247863248,1
2026-04-19T11:00,25.0,50.0,81.98437653393623,23.5,25.8,457,17.9,169.0,74.57264957264957,1
2026-04-19T12:00,25.0,50.0,59.359051877444415,23.9,25.8,454,15.0,178.0,75.42735042735042,1
2026-04-19T13:00,25.0,50.0,79.4596051352397,25.7,27.9,453,10.4,183.0,79.27350427350427,1
2026-04-19T14:00,25.0,50.0,124.80307969734405,26.2,28.9,453,7.1,183.0,80.34188034188034,1
2026-04-19T15:00,25.0,50.0,78.79096491407245,25.3,28.4,453,6.5,176.0,78.41880341880342,1
2026-04-19T16:00,25.0,50.0,69.54999431858826,23.1,26.3,453,7.3,165.0,73.71794871794873,1
2026-04-19T17:00,25.0,50.0,50.0,24.4,27.9,454,8.3,154.0,76.4957264957265,1
2026-04-19T18:00,25.0,50.0,50.53903483992082,29.5,32.6,457,8.9,139.0,87.3931623931624,1
2026-04-19T19:00,25.0,50.0,114.27054951693646,29.4,32.1,462,9.8,119.0,87.17948717948718,1
2026-04-19T20:00,25.0,50.0,57.66162102763917,26.0,28.6,466,10.0,105.0,79.91452991452991,1
2026-04-19T21:00,25.0,50.0,81.97429451275627,23.6,26.5,470,8.9,103.0,74.7863247863248,1
2026-04-19T22:00,25.0,50.0,55.20562267068648,22.9,26.0,474,7.3,106.0,73.29059829059828,1
2026-04-19T23:00,25.0,50.0,63.736410870229726,23.3,26.4,477,6.4,106.0,74.14529914529915,1
2026-04-20T00:00,25.0,50.0,89.93350301527937,23.5,26.4,477,7.1,99.0,74.57264957264957,1
2026-04-20T01:00,25.0,50.0,53.47738347497247,23.8,27.5,475,8.5,88.0,75.21367521367522,1
2026-04-20T02:00,25.0,50.0,62.53447550424871,28.0,31.4,476,9.7,79.0,84.18803418803418,1
2026-04-20T03:00,25.0,50.0,70.0918932692841,30.3,32.8,482,10.2,72.0,89.1025641025641,1
2026-04-20T04:00,25.0,50.0,52.7897823278598,32.6,34.8,490,10.4,66.0,94.01709401709402,1
2026-04-20T05:00,25.0,50.0,59.18801771672755,22.8,25.5,493,6.7,90.0,73.07692307692308,1
2026-04-20T06:00,25.0,50.0,96.83738145229097,21.5,24.2,486,6.8,96.0,70.2991452991453,1
2026-04-20T07:00,25.0,50.0,79.77869015267996,20.7,22.5,474,6.9,104.0,68.58974358974359,1
2026-04-20T08:00,25.0,50.0,50.0,19.2,21.4,464,6.8,114.0,65.38461538461539,1
2026-04-20T09:00,25.0,50.0,86.03117921939584,18.9,21.7,460,6.3,127.0,64.74358974358974,1
2026-04-20T10:00,25.0,50.0,54.702032225997655,19.7,23.6,457,5.5,141.0,66.45299145299145,1
2026-04-20T11:00,25.0,50.0,68.30216878602312,19.3,24.0,456,4.9,153.0,65.5982905982906,1
2026-04-20T12:00,25.0,50.0,66.19919017198946,20.8,25.3,455,4.4,161.0,68.80341880341881,1
2026-04-20T13:00,25.0,50.0,93.873990923771,22.3,26.4,454,4.0,166.0,72.00854700854701,1
2026-04-20T14:00,25.0,50.0,74.96893988388462,23.4,27.5,454,4.2,168.0,74.35897435897435,1
2026-04-20T15:00,25.0,50.0,75.17637154010549,23.8,27.9,454,4.7,166.0,75.21367521367522,1
2026-04-20T16:00,25.0,50.0,79.07397933374362,23.7,27.6,454,5.7,160.0,75.0,1
2026-04-20T17:00,25.0,50.0,94.46492996650383,24.7,30.4,455,13.1,147.0,77.13675213675214,1
2026-04-20T18:00,25.0,50.0,97.37515603316511,31.2,36.7,458,19.2,127.0,91.02564102564102,1
2026-04-20T19:00,25.0,50.0,79.50683917905731,41.3,46.7,461,27.5,99.0,114.75,2
2026-04-20T20:00,25.0,50.0,97.43458071295821,44.0,48.5,465,32.3,79.0,121.5,2
2026-04-20T21:00,25.0,50.0,54.80887009278193,39.7,43.4,468,30.4,73.0,110.75000000000001,2
2026-04-20T22:00,25.0,50.0,81.16518817491863,40.0,44.0,471,24.9,74.0,111.5,2
2026-04-20T23:00,25.0,50.0,70.42808365211116,39.9,44.1,475,19.9,76.0,111.25,2
2026-04-21T00:00,25.0,50.0,50.0,39.1,43.3,480,16.4,78.0,109.25,2
2026-04-21T01:00,25.0,50.0,92.55342345386359,36.9,40.6,485,13.3,81.0,103.75,2
2026-04-21T02:00,25.0,50.0,72.71147765656634,34.8,38.0,489,11.0,83.0,98.7179487179487,1
2026-04-21T03:00,25.0,50.0,55.61320498236411,33.6,36.8,491,10.1,79.0,96.15384615384616,1
2026-04-21T04:00,25.0,50.0,50.0,33.2,36.3,491,10.0,73.0,95.29914529914531,1
2026-04-21T05:00,25.0,50.0,68.83984930348674,30.3,32.5,488,8.3,91.0,89.1025641025641,1
2026-04-21T06:00,25.0,50.0,96.04566180544167,30.2,32.4,481,8.2,101.0,88.88888888888889,1
2026-04-21T07:00,25.0,50.0,79.72111928669939,30.5,32.8,471,8.1,114.0,89.52991452991454,1
2026-04-21T08:00,25.0,50.0,54.581646681991344,29.7,33.3,463,7.6,129.0,87.82051282051282,1
2026-04-21T09:00,25.0,50.0,82.45900159800784,28.3,33.3,459,6.6,145.0,84.82905982905983,1
2026-04-21T10:00,25.0,50.0,63.15600015758416,27.3,32.6,458,5.3,161.0,82.6923076923077,1
2026-04-21T11:00,25.0,50.0,72.17463211071133,24.8,30.4,457,4.3,173.0,77.35042735042735,1
2026-04-21T12:00,25.0,50.0,98.46516922554113,23.7,29.7,456,3.8,179.0,75.0,1
2026-04-21T13:00,25.0,50.0,100.4658395896075,23.2,29.0,455,3.6,182.0,73.93162393162393,1
2026-04-21T14:00,25.0,50.0,60.643249392384035,22.5,28.2,454,3.8,180.0,72.43589743589743,1
2026-04-21T15:00,25.0,50.0,83.74285259051103,21.2,26.6,453,4.5,174.0,69.65811965811966,1
2026-04-21T16:00,25.0,50.0,80.36699627997855,19.7,24.8,453,5.5,164.0,66.45299145299145,1
2026-04-21T17:00,25.0,50.0,96.2701437170713,25.9,32.7,454,7.0,159.0,79.7008547008547,1
2026-04-21T18:00,25.0,50.0,52.60030950754413,29.3,34.7,458,9.6,140.0,86.96581196581197,1
2026-04-21T19:00,25.0,50.0,101.69542342766124,32.1,37.4,463,13.1,113.0,92.94871794871796,1
2026-04-21T20:00,25.0,50.0,64.93515050946901,32.8,37.8,471,15.4,93.0,94.44444444444443,1
2026-04-21T21:00,25.0,50.0,69.22893530830721,32.9,37.5,482,15.1,86.0,94.65811965811966,1
2026-04-21T22:00,25.0,50.0,80.91563755595051,32.4,36.7,495,13.5,85.0,93.58974358974359,1
2026-04-21T23:00,25.0,50.0,83.0210184730944,31.8,36.0,505,12.3,82.0,92.30769230769232,1
2026-04-22T00:00,25.0,50.0,101.55675876336942,31.2,35.3,508,12.2,74.0,91.02564102564102,1
2026-04-22T01:00,25.0,50.0,92.95925110188931,31.8,36.1,507,12.5,65.0,92.30769230769232,1
2026-04-22T02:00,25.0,50.0,68.0245235894771,32.6,36.8,506,12.7,58.0,94.01709401709402,1
2026-04-22T03:00,25.0,50.0,82.11895734790689,32.6,36.8,509,12.9,52.0,94.01709401709402,1
2026-04-22T04:00,25.0,50.0,68.89695286139533,32.2,36.1,513,13.0,49.0,93.16239316239317,1
2026-04-22T05:00,25.0,50.0,50.0,44.1,48.7,510,22.2,34.0,121.75,2
2026-04-22T06:00,25.0,50.0,82.48414498775824,43.8,47.6,496,18.8,63.0,121.0,2
2026-04-22T07:00,25.0,50.0,70.04189907004196,41.9,45.2,475,14.2,103.0,116.25,2
2026-04-22T08:00,25.0,50.0,113.72314800297185,35.0,39.1,460,10.3,134.0,99.14529914529915,1
2026-04-22T09:00,25.0,50.0,67.42346478543669,24.1,28.0,456,8.2,149.0,75.85470085470087,1
2026-04-22T10:00,25.0,50.0,94.26739570687525,16.7,24.9,457,6.9,155.0,60.042735042735046,1
2026-04-22T11:00,25.0,50.0,90.2340750566499,15.2,25.3,458,5.9,159.0,56.837606837606835,1
2026-04-22T12:00,25.0,50.0,83.2668281169855,16.9,26.4,456,4.9,164.0,60.470085470085465,1
2026-04-22T13:00,25.0,50.0,62.44713107424167,18.2,26.7,453,4.1,166.0,63.24786324786325,1
2026-04-22T14:00,25.0,50.0,69.22656627791297,18.4,25.6,451,3.8,165.0,63.67521367521367,1
2026-04-22T15:00,25.0,50.0,83.13666212147714,17.7,23.5,450,4.3,159.0,62.179487179487175,1
2026-04-22T16:00,25.0,50.0,54.84285114356141,16.8,21.3,451,5.3,150.0,60.25641025641026,1
2026-04-22T17:00,25.0,50.0,72.66114135904313,19.6,25.1,452,7.2,142.0,66.23931623931624,1
2026-04-22T18:00,25.0,50.0,63.01689333232653,23.2,27.0,454,8.6,129.0,73.93162393162393,1
2026-04-22T19:00,25.0,50.0,73.60914584620738,25.7,29.0,458,10.4,111.0,79.27350427350427,1
2026-04-22T20:00,25.0,50.0,69.32528950825501,25.6,28.7,462,11.5,97.0,79.05982905982907,1
2026-04-22T21:00,25.0,50.0,69.78651183689247,25.3,28.3,467,10.9,94.0,78.41880341880342,1
2026-04-22T22:00,25.0,50.0,72.76701633902127,25.2,28.4,473,9.5,95.0,78.2051282051282,1
2026-04-22T23:00,25.0,50.0,85.29684844345691,24.8,28.1,478,8.6,94.0,77.35042735042735,1
2026-04-23T00:00,25.0,50.0,54.70639341850105,24.3,27.7,479,8.9,88.0,76.28205128205128,1
2026-04-23T01:00,25.0,50.0,50.0,24.6,28.3,478,9.7,79.0,76.92307692307693,1
2026-04-23T02:00,25.0,50.0,50.0,25.7,29.8,480,10.3,73.0,79.27350427350427,1
2026-04-23T03:00,25.0,50.0,89.19035658370406,26.4,30.7,488,10.4,69.0,80.76923076923077,1
2026-04-23T04:00,25.0,50.0,86.57263154919582,25.6,29.9,498,10.2,66.0,79.05982905982907,1
2026-04-23T05:00,25.0,50.0,52.72939189866908,30.3,33.9,504,14.3,51.0,89.1025641025641,1
2026-04-23T06:00,25.0,50.0,79.39567619203913,30.3,33.4,505,13.4,67.0,89.1025641025641,1
2026-04-23T07:00,25.0,50.0,70.58297197061097,31.8,34.1,502,12.1,91.0,92.30769230769232,1
2026-04-23T08:00,25.0,50.0,50.85330481669353,31.9,34.5,496,10.7,115.0,92.52136752136752,1
2026-04-23T09:00,25.0,50.0,98.9671627141734,30.5,33.2,484,8.9,141.0,89.52991452991454,1
2026-04-23T10:00,25.0,50.0,84.55611275218494,25.8,27.8,469,7.0,168.0,79.48717948717949,1
2026-04-23T11:00,25.0,50.0,84.34680726169387,18.2,19.6,458,5.6,186.0,63.24786324786325,1
2026-04-23T12:00,25.0,50.0,75.35909576316058,17.3,19.6,454,4.7,190.0,61.32478632478633,1
2026-04-23T13:00,25.0,50.0,50.0,18.5,21.8,453,4.4,186.0,63.888888888888886,1
2026-04-23T14:00,25.0,50.0,82.60806099311974,19.3,23.5,453,5.0,177.0,65.5982905982906,1
2026-04-23T15:00,25.0,50.0,97.55085907096152,19.2,23.9,452,6.6,165.0,65.38461538461539,1
2026-04-23T16:00,25.0,50.0,94.87621763251622,18.4,23.4,451,9.2,149.0,63.67521367521367,1
2026-04-23T17:00,25.0,50.0,50.0,21.5,26.6,453,10.6,157.0,70.2991452991453,1
2026-04-23T18:00,25.0,50.0,114.78544120298986,34.2,39.0,460,20.3,134.0,97.43589743589745,1
2026-04-23T19:00,25.0,50.0,90.78514806466096,46.4,51.0,469,33.8,102.0,127.5,2
2026-04-23T20:00,25.0,50.0,92.6112301791636,56.6,61.0,477,44.8,75.0,151.26315789473685,2
2026-04-23T21:00,25.0,50.0,96.77285837947959,65.2,69.6,484,51.4,58.0,160.31578947368422,2
2026-04-23T22:00,25.0,50.0,93.04245261787048,72.6,76.6,489,55.6,47.0,168.10526315789474,2
2026-04-23T23:00,25.0,50.0,122.00911990261937,75.0,78.9,492,56.8,38.0,170.63157894736844,2
2026-04-24T00:00,25.0,50.0,99.80259953594052,71.7,75.4,489,54.0,33.0,167.1578947368421,2
2026-04-24T01:00,25.0,50.0,90.01932510324495,67.3,70.8,482,48.3,30.0,162.52631578947367,2
2026-04-24T02:00,25.0,50.0,128.29895825815794,62.6,66.1,479,42.6,29.0,157.57894736842104,2
2026-04-24T03:00,25.0,50.0,64.43517636686433,58.4,61.7,483,38.0,24.0,153.1578947368421,2
2026-04-24T04:00,25.0,50.0,90.81887626316575,53.9,57.0,489,33.5,21.0,146.25,2
2026-04-24T05:00,25.0,50.0,50.0,24.1,26.3,493,12.5,57.0,75.85470085470087,1
2026-04-24T06:00,25.0,50.0,108.41388635999907,22.8,24.8,492,11.6,75.0,73.07692307692308,1
2026-04-24T07:00,25.0,50.0,74.20225865036844,22.4,24.3,488,10.4,100.0,72.22222222222221,1
2026-04-24T08:00,25.0,50.0,50.0,22.8,24.9,483,9.0,123.0,73.07692307692308,1
2026-04-24T09:00,25.0,50.0,65.19526950320585,20.1,23.0,477,7.4,142.0,67.3076923076923,1
2026-04-24T10:00,25.0,50.0,50.0,20.1,23.3,470,5.8,159.0,67.3076923076923,1
2026-04-24T11:00,25.0,50.0,89.71236838583116,18.5,22.8,464,4.6,172.0,63.888888888888886,1
2026-04-24T12:00,25.0,50.0,60.614684066718965,19.1,23.9,460,4.1,182.0,65.17094017094017,1
2026-04-24T13:00,25.0,50.0,88.97071393427136,20.4,25.7,458,4.0,188.0,67.94871794871796,1
2026-04-24T14:00,25.0,50.0,70.47087322887232,21.5,27.3,456,4.4,191.0,70.2991452991453,1
2026-04-24T15:00,25.0,50.0,98.12668073176832,22.2,28.2,455,4.8,191.0,71.7948717948718,1
2026-04-24T16:00,25.0,50.0,74.70843403425425,22.2,28.5,454,5.6,187.0,71.7948717948718,1
2026-04-24T17:00,25.0,50.0,103.18917953408199,30.2,39.0,455,10.1,184.0,88.88888888888889,1
2026-04-24T18:00,25.0,50.0,90.81494976258875,37.1,46.0,456,18.3,159.0,104.25,2
2026-04-24T19:00,25.0,50.0,77.01235085965628,47.8,56.6,458,29.5,124.0,131.0,2
2026-04-24T20:00,25.0,50.0,68.71027697795444,56.9,65.7,462,37.5,94.0,151.57894736842104,2
2026-04-24T21:00,25.0,50.0,105.30558240722536,61.7,70.3,471,39.4,74.0,156.63157894736844,2
2026-04-24T22:00,25.0,50.0,86.34462736770294,61.5,69.6,483,38.1,59.0,156.42105263157896,2
2026-04-24T23:00,25.0,50.0,85.18265821250594,56.0,64.0,492,35.4,49.0,150.6315789473684,2
2026-04-25T00:00,25.0,50.0,93.16126574776797,46.4,54.4,496,31.2,44.0,127.5,2
2026-04-25T01:00,25.0,50.0,52.75701068583758,40.2,47.8,496,25.6,43.0,112.00000000000001,2
2026-04-25T02:00,25.0,50.0,84.12372783786498,35.9,43.3,497,20.8,43.0,101.25,2
2026-04-25T03:00,25.0,50.0,101.95825785957337,32.0,39.0,499,17.8,42.0,92.73504273504274,1
2026-04-25T04:00,25.0,50.0,66.24688490751106,28.2,34.2,502,15.7,43.0,84.61538461538461,1
2026-04-25T05:00,25.0,50.0,82.37466091289501,41.9,50.3,502,30.1,23.0,116.25,2
2026-04-25T06:00,25.0,50.0,84.1269368693669,36.9,44.0,499,24.9,59.0,103.75,2
2026-04-25T07:00,25.0,50.0,75.56857015920603,32.2,38.0,495,17.8,110.0,93.16239316239317,1
2026-04-25T08:00,25.0,50.0,98.513095378601,28.9,35.3,489,12.1,150.0,86.11111111111111,1
2026-04-25T09:00,25.0,50.0,89.54228538681068,23.5,31.4,481,9.4,170.0,74.57264957264957,1
2026-04-25T10:00,25.0,50.0,86.80112835625393,23.0,31.8,471,8.2,179.0,73.5042735042735,1
2026-04-25T11:00,25.0,50.0,68.55232750290139,20.6,30.3,463,7.3,187.0,68.37606837606837,1
2026-04-25T12:00,25.0,50.0,71.69214943386709,21.3,31.1,459,6.1,195.0,69.87179487179488,1
2026-04-25T13:00,25.0,50.0,105.31570527382608,23.0,32.7,458,5.1,202.0,73.5042735042735,1
2026-04-25T14:00,25.0,50.0,96.08345503943481,24.2,33.8,457,4.8,204.0,76.06837606837607,1
2026-04-25T15:00,25.0,50.0,93.8607837589154,24.7,34.0,455,5.1,203.0,77.13675213675214,1
2026-04-25T16:00,25.0,50.0,80.95508924096299,24.6,33.5,454,6.2,198.0,76.92307692307693,1
2026-04-25T17:00,25.0,50.0,77.37248570473194,20.4,25.5,454,10.2,199.0,67.94871794871796,1
2026-04-25T18:00,25.0,50.0,93.77667058328379,26.7,31.8,456,14.4,172.0,81.41025641025641,1
2026-04-25T19:00,25.0,50.0,104.23366310399749,33.8,39.2,460,20.2,134.0,96.58119658119656,1
2026-04-25T20:00,25.0,50.0,117.72377391801967,36.7,42.1,464,24.9,103.0,103.25000000000001,2
2026-04-25T21:00,25.0,50.0,99.87616558765603,38.2,43.7,468,27.5,85.0,107.00000000000001,2
2026-04-25T22:00,25.0,50.0,75.85659673288961,41.1,46.9,472,29.0,73.0,114.25,2
2026-04-25T23:00,25.0,50.0,108.3436122816328,45.3,51.2,476,30.2,62.0,124.75,2
2026-04-26T00:00,25.0,50.0,97.6909479358718,46.8,52.3,479,31.8,50.0,128.5,2
2026-04-26T01:00,25.0,50.0,105.38521916177606,46.3,51.2,482,33.1,39.0,127.25,2
2026-04-26T02:00,25.0,50.0,92.47457691351073,46.7,51.5,486,33.0,32.0,128.25,2
2026-04-26T03:00,25.0,50.0,84.75177461567978,45.8,50.5,493,30.8,29.0,126.0,2
2026-04-26T04:00,25.0,50.0,96.35826313025426,40.0,44.1,501,27.1,30.0,111.5,2
2026-04-26T05:00,25.0,50.0,123.27971965821195,42.8,47.6,506,14.2,75.0,118.5,2
2026-04-26T06:00,25.0,50.0,77.38168294092698,44.5,48.8,507,13.2,88.0,122.75,2
2026-04-26T07:00,25.0,50.0,87.1724464807993,45.2,49.0,505,11.9,108.0,124.50000000000001,2
2026-04-26T08:00,25.0,50.0,90.03829711250626,42.5,47.7,500,11.0,133.0,117.75,2
2026-04-26T09:00,25.0,50.0,66.75246876599351,40.3,46.0,489,11.4,170.0,112.25,2
2026-04-26T10:00,25.0,50.0,126.64887303117081,37.3,44.1,474,12.3,213.0,104.75,2
2026-04-26T11:00,25.0,50.0,140.53911089271415,34.8,47.0,462,12.3,240.0,98.7179487179487,1
2026-04-26T12:00,25.0,50.0,90.97013758271845,28.4,47.3,457,10.1,239.0,85.04273504273505,1
2026-04-26T13:00,25.0,50.0,86.99360631486587,23.1,44.7,455,6.9,223.0,73.71794871794873,1
2026-04-26T14:00,25.0,50.0,99.32657184675266,22.5,46.9,454,4.9,208.0,72.43589743589743,1
2026-04-26T15:00,25.0,50.0,87.74153431503215,23.1,50.5,453,4.8,205.0,73.71794871794873,1
2026-04-26T16:00,25.0,50.0,50.0,23.6,54.0,452,5.9,203.0,74.7863247863248,1
2026-04-26T17:00,25.0,50.0,88.03267397788184,11.4,24.2,453,8.1,169.0,47.5,0
2026-04-26T18:00,25.0,50.0,50.0,17.3,29.3,455,12.3,147.0,61.32478632478633,1
2026-04-26T19:00,25.0,50.0,68.94141726649259,22.9,34.1,458,18.0,117.0,73.29059829059828,1
2026-04-26T20:00,25.0,50.0,72.24819073348912,24.4,34.3,462,21.3,93.0,76.4957264957265,1
2026-04-26T21:00,25.0,50.0,51.1973939163062,25.6,34.8,467,19.5,82.0,79.05982905982907,1
2026-04-26T22:00,25.0,50.0,80.7075601461592,23.6,32.1,472,15.3,78.0,74.7863247863248,1
2026-04-26T23:00,25.0,50.0,66.93007706949011,22.7,34.0,478,12.5,75.0,72.86324786324786,1
2026-04-27T00:00,25.0,50.0,82.67152734362173,22.6,38.2,484,12.8,71.0,72.64957264957266,1
2026-04-27T01:00,25.0,50.0,72.06219719045833,24.6,45.1,491,14.4,68.0,76.92307692307693,1
2026-04-27T02:00,25.0,50.0,97.24081654545975,29.0,49.8,498,16.3,64.0,86.32478632478632,1
2026-04-27T03:00,25.0,50.0,115.29948040687395,32.8,51.1,509,18.6,55.0,94.44444444444443,1
2026-04-27T04:00,25.0,50.0,83.21036901777788,33.9,49.8,520,21.2,46.0,96.7948717948718,1
2026-04-27T05:00,25.0,50.0,62.48355731298973,42.3,45.2,525,20.2,67.0,117.25,2
2026-04-27T06:00,25.0,50.0,115.5149087421351,47.1,50.8,520,18.1,84.0,129.25,2
2026-04-27T07:00,25.0,50.0,86.48130278688116,44.9,50.1,508,15.2,109.0,123.75,2
2026-04-27T08:00,25.0,50.0,100.57977800687169,40.9,47.1,496,12.9,136.0,113.75,2
2026-04-27T09:00,25.0,50.0,74.44892542957128,39.2,48.3,485,12.0,171.0,109.50000000000001,2
2026-04-27T10:00,25.0,50.0,89.59485247665583,40.2,53.8,473,11.7,208.0,112.00000000000001,2
2026-04-27T11:00,25.0,50.0,76.72588709045651,40.4,63.1,464,10.9,230.0,112.5,2
2026-04-27T12:00,25.0,50.0,110.09440238711571,34.2,67.8,459,8.7,225.0,97.43589743589745,1
2026-04-27T13:00,25.0,50.0,112.96588500988025,27.8,61.7,457,6.0,204.0,83.76068376068376,1
2026-04-27T14:00,25.0,50.0,97.06068424210952,24.6,55.8,456,4.3,184.0,76.92307692307693,1
2026-04-27T15:00,25.0,50.0,121.9962450487669,22.1,49.7,454,4.3,172.0,71.5811965811966,1
2026-04-27T16:00,25.0,50.0,93.75602105323466,19.6,43.2,453,5.3,160.0,66.23931623931624,1
2026-04-27T17:00,25.0,50.0,97.17007990507969,14.8,26.7,454,6.0,142.0,55.98290598290598,1
2026-04-27T18:00,25.0,50.0,50.0,17.0,25.9,457,8.4,127.0,60.68376068376068,1
2026-04-27T19:00,25.0,50.0,69.38146894278415,20.7,29.2,461,12.0,106.0,68.58974358974359,1
2026-04-27T20:00,25.0,50.0,50.0,24.4,33.6,466,16.9,86.0,76.4957264957265,1
2026-04-27T21:00,25.0,50.0,85.11837024094086,30.3,40.7,470,24.4,70.0,89.1025641025641,1
2026-04-27T22:00,25.0,50.0,74.18535764027186,39.2,50.4,473,33.1,56.0,109.50000000000001,2
2026-04-27T23:00,25.0,50.0,82.09684002204327,46.3,57.6,478,39.2,45.0,127.25,2
2026-04-28T00:00,25.0,50.0,99.71286911598584,50.2,61.5,485,41.3,38.0,137.0,2
2026-04-28T01:00,25.0,50.0,107.46410333109765,51.0,61.9,493,40.7,35.0,139.0,2
2026-04-28T02:00,25.0,50.0,145.39741769430836,46.7,56.0,498,37.4,37.0,128.25,2
2026-04-28T03:00,25.0,50.0,105.15663295696534,38.5,45.5,499,29.5,46.0,107.75,2
2026-04-28T04:00,25.0,50.0,50.0,29.0,33.4,497,19.0,60.0,86.32478632478632,1
2026-04-28T05:00,25.0,50.0,70.3632245226581,25.4,35.3,494,13.5,61.0,78.63247863247864,1
2026-04-28T06:00,25.0,50.0,66.92861952240355,29.8,39.6,490,12.9,83.0,88.03418803418803,1
2026-04-28T07:00,25.0,50.0,84.57720901808281,29.0,37.4,485,11.9,114.0,86.32478632478632,1
2026-04-28T08:00,25.0,50.0,99.93262607282747,30.4,37.6,480,10.9,143.0,89.31623931623932,1
2026-04-28T09:00,25.0,50.0,58.08180777022234,35.6,41.6,473,9.9,169.0,100.5,2
2026-04-28T10:00,25.0,50.0,109.81402992458244,34.0,42.5,466,8.7,193.0,97.00854700854701,1
2026-04-28T11:00,25.0,50.0,81.50001277520525,24.1,32.9,460,7.5,205.0,75.85470085470087,1
2026-04-28T12:00,25.0,50.0,62.86092694628006,18.8,27.1,456,5.9,197.0,64.52991452991454,1
2026-04-28T13:00,25.0,50.0,64.58438249041107,15.9,23.5,454,4.2,177.0,58.333333333333336,1
2026-04-28T14:00,25.0,50.0,90.34226563004216,16.2,23.3,452,3.3,161.0,58.97435897435898,1
2026-04-28T15:00,25.0,50.0,82.2389338378057,17.9,24.9,451,3.1,158.0,62.6068376068376,1
2026-04-28T16:00,25.0,50.0,93.96695722906428,19.0,25.8,450,3.6,158.0,64.95726495726495,1
2026-04-28T17:00,25.0,50.0,63.55915615523601,19.6,25.8,451,5.9,153.0,66.23931623931624,1
2026-04-28T18:00,25.0,50.0,92.19708815886875,22.8,27.9,455,12.2,133.0,73.07692307692308,1
2026-04-28T19:00,25.0,50.0,61.75345092093749,30.9,36.3,461,20.4,107.0,90.38461538461539,1
2026-04-28T20:00,25.0,50.0,85.87880007367802,35.6,41.1,466,24.8,89.0,100.5,2
2026-04-28T21:00,25.0,50.0,86.1469758860868,32.8,37.8,470,22.1,86.0,94.44444444444443,1
2026-04-28T22:00,25.0,50.0,93.49132426380281,27.4,31.1,472,15.8,92.0,82.90598290598291,1
2026-04-28T23:00,25.0,50.0,75.91654403920926,21.9,24.3,473,10.5,96.0,71.15384615384616,1
2026-04-29T00:00,25.0,50.0,103.03451443803004,19.3,21.1,470,8.0,97.0,65.5982905982906,1
2026-04-29T01:00,25.0,50.0,50.0,19.0,20.8,466,6.6,97.0,64.95726495726495,1
2026-04-29T02:00,25.0,50.0,50.0,18.6,20.7,464,6.2,94.0,64.1025641025641,1
2026-04-29T03:00,25.0,50.0,80.22172019010391,17.5,20.7,467,7.5,84.0,61.75213675213675,1
2026-04-29T04:00,25.0,50.0,89.80009982533252,16.7,22.1,472,9.8,72.0,60.042735042735046,1
2026-04-29T05:00,25.0,50.0,63.02375201202669,19.6,25.0,476,11.4,68.0,66.23931623931624,1
2026-04-29T06:00,25.0,50.0,84.37898548394314,22.4,26.2,476,11.4,78.0,72.22222222222221,1
2026-04-29T07:00,25.0,50.0,50.0,24.4,27.0,474,10.6,96.0,76.4957264957265,1
2026-04-29T08:00,25.0,50.0,93.85434693096803,22.5,27.9,471,9.9,113.0,72.43589743589743,1
2026-04-29T09:00,25.0,50.0,57.05358994978895,18.1,32.4,466,9.9,127.0,63.034188034188034,1
2026-04-29T10:00,25.0,50.0,78.5162887743906,18.1,37.6,460,10.1,141.0,63.034188034188034,1
2026-04-29T11:00,25.0,50.0,101.95306533492399,18.6,40.4,455,9.6,151.0,64.1025641025641,1
2026-04-29T12:00,25.0,50.0,87.46986830004988,18.4,38.8,453,7.8,157.0,63.67521367521367,1
2026-04-29T13:00,25.0,50.0,96.52023913766128,18.7,36.0,453,5.4,160.0,64.31623931623932,1
2026-04-29T14:00,25.0,50.0,50.0,18.4,32.7,453,3.8,160.0,63.67521367521367,1
2026-04-29T15:00,25.0,50.0,102.48216283199406,17.8,29.9,452,3.6,157.0,62.3931623931624,1
2026-04-29T16:00,25.0,50.0,75.3077911502451,17.3,28.2,452,4.2,152.0,61.32478632478633,1
2026-04-29T17:00,25.0,50.0,77.61015174127544,17.1,27.0,452,5.1,145.0,60.8974358974359,1
2026-04-29T18:00,25.0,50.0,55.87635588433543,18.2,25.3,452,6.5,135.0,63.24786324786325,1
2026-04-29T19:00,25.0,50.0,58.88383745636191,20.1,25.7,453,8.3,124.0,67.3076923076923,1
2026-04-29T20:00,25.0,50.0,56.82790497111254,20.7,25.4,455,9.6,114.0,68.58974358974359,1
2026-04-29T21:00,25.0,50.0,50.0,19.7,24.0,458,10.0,108.0,66.45299145299145,1
2026-04-29T22:00,25.0,50.0,79.75415583389544,18.2,22.2,462,9.9,103.0,63.24786324786325,1
2026-04-29T23:00,25.0,50.0,69.68281656819458,16.5,20.6,465,9.5,98.0,59.61538461538461,1
